User-ID,Age
254,24.0
388,35.0
503,40.0
638,20.0
643,23.0
651,26.0
735,29.0
741,16.0
805,34.0
882,23.0
901,21.0
929,36.0
1025,33.0
1131,22.0
1155,22.0
1167,25.0
1184,38.0
1211,22.0
1435,36.0
1548,28.0
1585,29.0
1674,26.0
1733,30.0
1812,24.0
1848,22.0
1903,36.0
1928,17.0
2012,34.0
2033,27.0
2090,28.0
2179,30.0
2276,46.0
2288,30.0
2313,23.0
2326,23.0
2337,34.0
2358,23.0
2766,42.0
2793,34.0
2977,25.0
3145,34.0
3167,42.0
3282,52.0
3331,60.0
3346,20.0
3363,29.0
3371,25.0
3373,30.0
3556,68.0
3578,25.0
3719,18.0
3827,23.0
3840,46.0
3917,25.0
4017,48.0
4092,27.0
4131,51.0
4157,39.0
4223,28.0
4334,38.0
4385,33.0
4622,18.0
4785,30.0
4802,28.0
4896,18.0
4938,30.0
5037,26.0
5207,34.0
5331,26.0
5385,30.0
5439,66.0
5483,20.0
5499,60.0
5539,32.0
5543,29.0
5582,26.0
5609,25.0
5709,15.0
5899,25.0
5903,25.0
6073,28.0
6120,36.0
6251,32.0
6323,35.0
6333,45.0
6345,29.0
6431,30.0
6432,21.0
6537,28.0
6543,34.0
6563,31.0
6577,62.0
6611,22.0
6662,31.0
6671,54.0
6866,51.0
6900,25.0
7125,28.0
7134,23.0
7158,30.0
7283,30.0
7286,28.0
7312,23.0
7346,49.0
7371,26.0
7569,22.0
7620,21.0
7887,23.0
7958,27.0
8067,26.0
8234,44.0
8245,31.0
8250,34.0
8253,26.0
8255,47.0
8284,28.0
8314,36.0
8323,48.0
8362,28.0
8487,30.0
8672,17.0
8680,2.0
8681,34.0
8782,239.0
8801,24.0
8864,26.0
8870,45.0
8872,65.0
8935,35.0
8936,18.0
8937,37.0
8971,27.0
9141,65.0
9177,26.0
9227,24.0
9354,30.0
9408,34.0
9417,26.0
9571,27.0
9574,33.0
9613,34.0
9660,35.0
9856,22.0
9908,36.0
10001,47.0
10030,66.0
10067,61.0
10118,44.0
10199,17.0
10241,27.0
10354,15.0
10532,29.0
10560,27.0
10590,22.0
10619,33.0
10819,27.0
11120,58.0
11224,51.0
11400,49.0
11629,21.0
11657,25.0
11687,47.0
11709,29.0
11724,42.0
11788,30.0
11944,21.0
11993,37.0
12100,26.0
12112,40.0
12154,41.0
12238,31.0
12272,18.0
12331,31.0
12538,18.0
12569,22.0
12692,151.0
12824,18.0
12835,38.0
12863,29.0
12917,24.0
12982,41.0
12990,58.0
13093,29.0
13104,25.0
13126,21.0
13221,45.0
13273,201.0
13518,27.0
13540,15.0
13552,32.0
13582,29.0
13607,31.0
13850,28.0
13935,36.0
14079,41.0
14230,30.0
14232,23.0
14374,57.0
14449,72.0
14456,27.0
14638,33.0
14744,27.0
14768,24.0
14897,24.0
15021,37.0
15049,28.0
15076,23.0
15361,39.0
15408,34.0
15418,23.0
15497,38.0
15602,21.0
15651,23.0
15918,23.0
15945,36.0
15957,27.0
16009,25.0
16106,44.0
16110,35.0
16121,37.0
16155,47.0
16161,28.0
16220,30.0
16246,32.0
16488,36.0
16504,28.0
16599,33.0
16601,40.0
16634,42.0
16718,29.0
16730,71.0
16795,47.0
16835,28.0
16871,26.0
16877,37.0
16908,55.0
16916,53.0
16949,49.0
16966,41.0
16996,23.0
16999,48.0
17058,35.0
17177,67.0
17183,23.0
17190,31.0
17282,38.0
17507,37.0
17667,33.0
17859,43.0
17894,47.0
17950,32.0
17970,40.0
18067,33.0
18082,38.0
18095,30.0
18155,26.0
18167,34.0
18172,36.0
18250,31.0
18323,41.0
18384,37.0
18439,38.0
18714,31.0
18850,28.0
18979,36.0
19018,25.0
19019,38.0
19085,60.0
19522,54.0
19570,63.0
19573,69.0
19664,19.0
19681,44.0
19760,23.0
19969,44.0
19972,39.0
19974,30.0
20005,22.0
20060,48.0
20115,32.0
20119,51.0
20149,53.0
20172,27.0
20180,36.0
20201,31.0
20265,29.0
20336,32.0
20345,22.0
20347,45.0
20409,51.0
20561,40.0
20971,20.0
21011,44.0
21031,36.0
21049,55.0
21202,67.0
21252,28.0
21343,40.0
21356,56.0
21364,32.0
21370,36.0
21484,21.0
21576,31.0
21618,24.0
21659,31.0
21660,52.0
21708,44.0
21774,21.0
21875,43.0
21937,40.0
22023,35.0
22062,52.0
22089,25.0
22107,45.0
22154,36.0
22200,36.0
22252,38.0
22338,33.0
22362,31.0
22365,51.0
22495,29.0
22521,18.0
22624,28.0
22625,54.0
22818,28.0
22912,37.0
22964,25.0
23065,26.0
23124,22.0
23128,40.0
23511,56.0
23547,26.0
23571,41.0
23582,37.0
23619,34.0
23659,41.0
23699,25.0
23768,45.0
23816,41.0
23872,22.0
23933,43.0
24090,59.0
24186,36.0
24194,20.0
24379,25.0
24391,55.0
24433,37.0
24452,42.0
24525,28.0
24544,40.0
24627,36.0
24733,32.0
24846,56.0
24921,29.0
24933,44.0
25009,39.0
25103,29.0
25216,33.0
25253,47.0
25261,67.0
25395,65.0
25409,31.0
25436,30.0
25533,38.0
25601,41.0
25630,46.0
25792,29.0
25827,33.0
25850,50.0
25916,24.0
25996,36.0
26057,18.0
26084,21.0
26124,32.0
26145,24.0
26182,30.0
26196,17.0
26231,36.0
26371,65.0
26487,44.0
26516,67.0
26535,41.0
26538,32.0
26544,37.0
26616,20.0
26713,39.0
26730,13.0
26756,35.0
26813,28.0
26831,28.0
27091,21.0
27140,49.0
27193,29.0
27265,32.0
27383,59.0
27472,41.0
27551,56.0
27617,32.0
27650,27.0
27740,57.0
27812,33.0
27813,34.0
27947,28.0
28016,31.0
28076,25.0
28177,26.0
28204,61.0
28222,23.0
28255,23.0
28360,15.0
28451,31.0
28454,50.0
28492,31.0
28523,24.0
28591,33.0
28594,18.0
28634,28.0
28666,31.0
28667,26.0
28735,58.0
28865,39.0
28877,68.0
28938,38.0
29070,37.0
29101,38.0
29259,39.0
29306,48.0
29526,26.0
29570,24.0
29702,52.0
29855,53.0
29915,38.0
30029,37.0
30035,37.0
30072,11.0
30081,25.0
30125,15.0
30245,41.0
30261,27.0
30273,25.0
30276,49.0
30312,25.0
30319,41.0
30324,33.0
30445,23.0
30487,40.0
30495,19.0
30509,51.0
30531,23.0
30555,22.0
30594,25.0
30667,24.0
30711,32.0
30716,23.0
30744,31.0
30770,39.0
30795,24.0
30806,24.0
30824,45.0
30838,56.0
30887,38.0
30898,43.0
30971,67.0
30972,47.0
30979,41.0
31008,29.0
31010,60.0
31080,26.0
31172,48.0
31226,33.0
31308,38.0
31315,34.0
31343,75.0
31391,38.0
31466,26.0
31468,33.0
31556,51.0
31609,44.0
31611,44.0
31816,36.0
31826,54.0
31900,12.0
31919,52.0
31948,49.0
31987,36.0
32034,50.0
32039,40.0
32049,33.0
32122,24.0
32188,51.0
32250,29.0
32329,30.0
32467,17.0
32483,18.0
32516,44.0
32569,19.0
32599,17.0
32627,49.0
32721,36.0
32773,28.0
32793,22.0
32964,37.0
33036,31.0
33163,32.0
33200,44.0
33270,36.0
33281,20.0
33283,26.0
33307,29.0
33319,24.0
33461,21.0
33487,26.0
33517,47.0
33580,27.0
33614,36.0
33816,33.0
33818,29.0
33933,35.0
33943,25.0
33974,24.0
33980,18.0
33999,51.0
34075,25.0
34215,28.0
34300,35.0
34377,54.0
34397,25.0
34501,46.0
34600,37.0
34752,26.0
34801,47.0
34864,39.0
34987,37.0
35030,26.0
35050,33.0
35144,69.0
35148,24.0
35320,24.0
35445,31.0
35532,37.0
35704,53.0
35718,32.0
35793,76.0
35836,34.0
35857,36.0
35931,39.0
35953,37.0
36003,26.0
36043,30.0
36256,39.0
36299,50.0
36326,33.0
36441,20.0
36554,48.0
36606,39.0
36609,32.0
36673,48.0
36741,24.0
36807,27.0
36811,51.0
36817,29.0
36836,56.0
36839,33.0
36907,39.0
36935,62.0
37168,46.0
37208,30.0
37227,27.0
37235,22.0
37288,36.0
37293,41.0
37310,33.0
37400,27.0
37426,55.0
37454,24.0
37512,27.0
37527,30.0
37560,26.0
37567,36.0
37573,33.0
37605,30.0
37623,32.0
37644,18.0
37691,26.0
37712,23.0
37798,51.0
37874,43.0
37905,37.0
37968,50.0
37989,57.0
38023,30.0
38034,26.0
38229,23.0
38281,33.0
38544,34.0
38590,31.0
38654,17.0
38660,40.0
38679,52.0
38703,49.0
38781,31.0
38802,23.0
38933,37.0
38950,26.0
38995,44.0
39195,38.0
39227,37.0
39281,45.0
39345,47.0
39353,11.0
39396,20.0
39441,26.0
39467,35.0
39502,56.0
39584,32.0
39616,38.0
39646,35.0
39705,25.0
39773,49.0
39974,26.0
40012,44.0
40222,33.0
40278,45.0
40415,34.0
40435,24.0
40612,25.0
40617,42.0
40640,39.0
40647,40.0
40772,49.0
40838,54.0
40888,49.0
40889,37.0
40914,28.0
40922,53.0
40943,40.0
40958,26.0
41057,51.0
41084,36.0
41086,42.0
41123,40.0
41177,38.0
41364,34.0
41425,31.0
41589,51.0
41596,40.0
41634,63.0
41701,25.0
41757,58.0
41760,50.0
41781,54.0
41911,19.0
42093,50.0
42099,47.0
42162,18.0
42274,26.0
42408,20.0
42419,33.0
42458,47.0
42459,29.0
42466,38.0
42573,78.0
42597,52.0
42601,29.0
42852,24.0
42883,51.0
42914,26.0
42948,42.0
43004,45.0
43006,29.0
43093,22.0
43163,21.0
43246,36.0
43359,33.0
43397,33.0
43404,43.0
43436,29.0
43481,57.0
43595,23.0
43619,26.0
43687,27.0
43698,47.0
43806,31.0
43807,32.0
43909,27.0
43910,43.0
43920,29.0
43925,48.0
43962,23.0
44252,28.0
44296,26.0
44297,22.0
44450,35.0
44467,29.0
44535,20.0
44590,30.0
44595,39.0
44611,20.0
44647,54.0
44728,31.0
44756,62.0
44845,29.0
44852,39.0
44925,33.0
45113,34.0
45255,35.0
45383,51.0
45409,62.0
45416,48.0
45418,51.0
45557,33.0
45564,37.0
46003,27.0
46050,39.0
46145,43.0
46154,34.0
46197,26.0
46269,26.0
46293,38.0
46297,35.0
46345,53.0
46351,27.0
46389,55.0
46398,37.0
46443,14.0
46633,23.0
46690,27.0
46892,35.0
46909,31.0
47117,34.0
47118,42.0
47128,33.0
47279,29.0
47293,41.0
47368,37.0
47512,28.0
47581,35.0
47594,52.0
47609,34.0
47743,41.0
47758,49.0
47807,31.0
47856,32.0
47971,40.0
47975,37.0
47987,38.0
48025,43.0
48037,16.0
48217,40.0
48261,53.0
48268,18.0
48355,35.0
48424,49.0
48468,50.0
48494,51.0
48539,23.0
48579,24.0
48595,23.0
48630,34.0
48911,57.0
48995,44.0
49109,38.0
49154,41.0
49155,26.0
49212,38.0
49262,26.0
49392,28.0
49423,26.0
49460,37.0
49668,45.0
49683,23.0
49771,35.0
49842,40.0
49900,48.0
49980,27.0
49994,40.0
50141,58.0
50204,36.0
50205,62.0
50206,36.0
50526,30.0
50547,32.0
50681,50.0
50849,52.0
50859,26.0
51082,30.0
51165,35.0
51192,48.0
51365,48.0
51386,41.0
51450,54.0
51526,34.0
51571,49.0
51627,24.0
51783,36.0
51803,34.0
51805,36.0
51883,31.0
51992,43.0
52011,37.0
52021,27.0
52044,46.0
52060,38.0
52159,49.0
52199,47.0
52203,32.0
52256,17.0
52293,61.0
52350,31.0
52472,209.0
52521,38.0
52584,45.0
52586,26.0
52614,33.0
52807,38.0
52853,61.0
52917,42.0
53042,59.0
53174,29.0
53220,36.0
53256,21.0
53278,34.0
53304,52.0
53332,41.0
53392,34.0
53414,49.0
53418,28.0
53430,25.0
53575,30.0
53590,40.0
53614,30.0
53628,22.0
53846,55.0
54005,59.0
54193,27.0
54206,24.0
54218,27.0
54335,43.0
54511,50.0
54547,36.0
54564,34.0
54589,49.0
54652,30.0
54884,33.0
54898,35.0
55006,34.0
55027,44.0
55065,31.0
55075,33.0
55142,47.0
55178,25.0
55187,48.0
55203,57.0
55375,18.0
55438,42.0
55487,37.0
55490,25.0
55492,43.0
55493,35.0
55550,42.0
55734,37.0
55789,35.0
55858,28.0
55892,45.0
55927,17.0
55955,38.0
56157,36.0
56193,34.0
56198,41.0
56201,65.0
56246,37.0
56271,22.0
56272,19.0
56360,35.0
56391,40.0
56399,63.0
56447,22.0
56554,39.0
56625,26.0
56856,23.0
56917,2.0
56959,52.0
57006,30.0
57072,56.0
57105,32.0
57108,38.0
57200,35.0
57302,32.0
57398,39.0
57412,25.0
57449,29.0
57599,27.0
57713,52.0
57725,43.0
57726,19.0
57833,58.0
58062,52.0
58067,26.0
58142,43.0
58156,58.0
58255,14.0
58363,81.0
58389,57.0
58458,23.0
58529,36.0
58594,33.0
58612,54.0
58641,21.0
58768,35.0
58855,38.0
58911,58.0
59038,28.0
59059,19.0
59150,37.0
59172,36.0
59180,55.0
59189,33.0
59208,43.0
59209,41.0
59297,34.0
59305,27.0
59504,39.0
59656,53.0
59727,24.0
59812,48.0
59820,24.0
59912,27.0
59933,66.0
59971,27.0
60029,42.0
60041,29.0
60050,40.0
60098,35.0
60178,47.0
60244,47.0
60263,52.0
60307,46.0
60337,50.0
60392,43.0
60427,37.0
60445,31.0
60569,41.0
60621,57.0
60631,34.0
60703,30.0
60707,38.0
60797,24.0
60809,33.0
60823,49.0
60858,25.0
60905,27.0
61028,50.0
61038,53.0
61107,41.0
61147,44.0
61211,65.0
61257,25.0
61296,24.0
61667,44.0
61668,41.0
61704,58.0
61775,35.0
61901,63.0
61910,44.0
62172,19.0
62239,9.0
62272,30.0
62348,67.0
62381,57.0
62464,26.0
62542,40.0
62670,26.0
62755,50.0
62862,47.0
62881,39.0
62891,27.0
62895,39.0
62958,23.0
62966,23.0
62968,23.0
63004,44.0
63243,33.0
63293,37.0
63360,29.0
63389,25.0
63394,22.0
63494,23.0
63595,41.0
63625,15.0
63714,29.0
63854,45.0
63865,39.0
63956,28.0
63993,43.0
63997,36.0
64015,28.0
64126,31.0
64137,41.0
64241,43.0
64310,46.0
64435,51.0
64436,36.0
64440,34.0
64448,23.0
64629,57.0
64763,43.0
64943,33.0
64946,34.0
65032,17.0
65038,28.0
65068,61.0
65145,54.0
65208,30.0
65228,58.0
65238,31.0
65258,42.0
65444,56.0
65484,51.0
65584,26.0
65663,32.0
65665,40.0
65769,36.0
65791,29.0
65913,48.0
66055,32.0
66073,28.0
66113,33.0
66161,53.0
66323,34.0
66387,52.0
66443,29.0
66483,16.0
66574,27.0
66591,35.0
66640,42.0
66680,67.0
66789,55.0
66853,39.0
66878,42.0
66942,31.0
66945,26.0
67034,57.0
67079,35.0
67174,20.0
67198,13.0
67236,38.0
67288,26.0
67296,39.0
67354,30.0
67397,50.0
67403,31.0
67515,45.0
67547,42.0
67663,47.0
67677,50.0
67694,44.0
67749,13.0
67838,49.0
67840,50.0
67910,35.0
67997,53.0
68000,10.0
68054,53.0
68156,34.0
68185,22.0
68249,50.0
68256,28.0
68383,35.0
68436,49.0
68478,32.0
68561,59.0
68568,46.0
68846,29.0
68886,37.0
68984,26.0
69023,25.0
69042,55.0
69078,42.0
69089,28.0
69156,31.0
69180,50.0
69232,55.0
69378,46.0
69389,29.0
69405,36.0
69658,39.0
69684,33.0
69697,24.0
69721,32.0
69775,41.0
69808,34.0
69810,36.0
69945,51.0
69967,41.0
69971,43.0
70052,30.0
70065,19.0
70183,25.0
70192,61.0
70222,56.0
70401,23.0
70402,36.0
70415,57.0
70448,17.0
70477,31.0
70538,35.0
70541,26.0
70594,53.0
70628,35.0
70649,31.0
70666,18.0
70703,33.0
70713,49.0
70864,45.0
70931,36.0
71102,23.0
71162,40.0
71183,32.0
71234,30.0
71261,29.0
71470,62.0
71490,23.0
71568,28.0
71634,59.0
71662,22.0
71712,26.0
71739,34.0
71752,20.0
71786,29.0
71799,29.0
71800,136.0
71831,21.0
71853,23.0
72100,37.0
72214,40.0
72282,50.0
72296,33.0
72352,49.0
72368,15.0
72451,51.0
72470,39.0
72530,42.0
72531,48.0
72575,103.0
72601,24.0
72707,24.0
72770,32.0
72785,39.0
72863,33.0
72990,31.0
72992,44.0
73127,21.0
73157,20.0
73196,35.0
73330,29.0
73394,33.0
73469,56.0
73479,16.0
73588,38.0
73603,56.0
73681,27.0
73741,30.0
73798,33.0
73923,29.0
74026,21.0
74056,24.0
74106,64.0
74185,28.0
74187,26.0
74286,23.0
74328,40.0
74356,28.0
74453,61.0
74466,32.0
74493,28.0
74630,20.0
74689,39.0
74691,49.0
74709,21.0
74758,24.0
74833,35.0
74892,18.0
74911,25.0
75081,29.0
75091,29.0
75115,31.0
75119,58.0
75149,36.0
75429,22.0
75485,27.0
75486,35.0
75491,26.0
75534,53.0
75551,31.0
75591,33.0
75595,35.0
75701,56.0
75771,35.0
75777,28.0
75860,30.0
75875,24.0
76019,28.0
76102,33.0
76122,46.0
76151,49.0
76173,71.0
76223,25.0
76350,20.0
76351,34.0
76352,58.0
76482,103.0
76483,37.0
76530,55.0
76532,36.0
76576,17.0
76626,38.0
76710,57.0
76741,28.0
76818,49.0
76873,23.0
76888,19.0
76942,25.0
77052,25.0
77082,21.0
77181,33.0
77270,18.0
77383,25.0
77424,29.0
77480,51.0
77491,25.0
77724,43.0
77772,13.0
77809,29.0
77860,33.0
77886,38.0
77971,60.0
78015,32.0
78328,24.0
78440,52.0
78553,40.0
78719,21.0
78783,49.0
78834,28.0
78841,42.0
78846,58.0
78901,31.0
78941,39.0
78973,29.0
79055,47.0
79089,29.0
79099,40.0
79182,29.0
79186,37.0
79441,43.0
79475,37.0
79506,55.0
79527,25.0
79556,27.0
79736,26.0
79740,24.0
79747,57.0
79754,58.0
79854,29.0
79942,26.0
79961,23.0
79977,35.0
80071,28.0
80105,39.0
80202,35.0
80203,34.0
80266,42.0
80371,50.0
80453,24.0
80477,39.0
80516,36.0
80538,32.0
80555,20.0
80642,43.0
80683,27.0
80692,42.0
80810,33.0
80826,41.0
80837,34.0
80929,21.0
80945,46.0
80996,35.0
81064,44.0
81088,18.0
81136,41.0
81207,20.0
81227,20.0
81263,17.0
81274,28.0
81298,20.0
81303,26.0
81318,25.0
81368,28.0
81370,35.0
81492,28.0
81609,57.0
81682,36.0
81771,37.0
81845,34.0
81848,35.0
81854,22.0
81855,42.0
81865,27.0
81950,23.0
81977,34.0
82123,30.0
82164,46.0
82171,26.0
82391,41.0
82497,47.0
82673,23.0
82699,32.0
82808,24.0
82825,38.0
82831,21.0
82893,40.0
83156,59.0
83178,52.0
83287,45.0
83306,69.0
83431,35.0
83467,60.0
83561,41.0
83637,57.0
83646,34.0
83666,33.0
83671,52.0
83707,31.0
83743,30.0
83754,65.0
84024,37.0
84033,20.0
84178,44.0
84201,39.0
84427,58.0
84476,16.0
84479,25.0
84523,30.0
84727,58.0
84729,55.0
84900,37.0
85256,37.0
85367,17.0
85426,23.0
85433,33.0
85526,36.0
85534,49.0
85587,49.0
85616,25.0
85656,41.0
85701,37.0
85757,40.0
85787,21.0
85851,41.0
85872,36.0
85944,23.0
85962,20.0
85992,18.0
85993,40.0
86033,26.0
86093,25.0
86145,45.0
86159,35.0
86170,47.0
86202,26.0
86242,24.0
86303,31.0
86392,25.0
86408,39.0
86419,48.0
86489,26.0
86538,58.0
86548,24.0
86555,44.0
86641,39.0
86680,38.0
86792,37.0
86959,29.0
86965,35.0
86969,59.0
87051,31.0
87143,53.0
87147,47.0
87155,23.0
87351,28.0
87555,31.0
87579,38.0
87690,36.0
87707,23.0
87712,19.0
87729,24.0
87746,52.0
87747,23.0
87820,49.0
87911,20.0
87929,25.0
87938,15.0
87949,44.0
87964,56.0
87974,25.0
88122,30.0
88187,36.0
88229,44.0
88283,24.0
88389,77.0
88412,36.0
88435,19.0
88620,27.0
88652,83.0
88677,44.0
88693,30.0
88729,31.0
88767,41.0
88793,25.0
88937,39.0
88976,43.0
88993,76.0
89179,31.0
89192,34.0
89207,26.0
89307,61.0
89361,25.0
89507,30.0
89551,29.0
89852,23.0
89867,28.0
90049,30.0
90075,57.0
90088,28.0
90137,40.0
90174,30.0
90192,30.0
90198,34.0
90232,23.0
90286,26.0
90300,34.0
90391,41.0
90417,40.0
90423,50.0
90471,31.0
90534,35.0
90614,30.0
90653,29.0
90694,36.0
90764,29.0
90766,136.0
90776,18.0
90915,49.0
91002,37.0
91017,54.0
91023,35.0
91026,40.0
91058,63.0
91100,33.0
91103,35.0
91113,26.0
91119,41.0
91130,39.0
91184,31.0
91203,30.0
91341,54.0
91342,29.0
91405,17.0
91425,22.0
91449,34.0
91576,31.0
91633,21.0
91647,49.0
91931,40.0
92132,20.0
92152,57.0
92346,33.0
92405,26.0
92524,42.0
92547,29.0
92652,32.0
92693,18.0
92696,46.0
92804,45.0
92810,60.0
93018,22.0
93034,45.0
93046,47.0
93047,52.0
93085,34.0
93092,22.0
93114,43.0
93130,61.0
93147,31.0
93358,52.0
93363,30.0
93364,27.0
93426,35.0
93453,1.0
93562,60.0
93565,72.0
93629,54.0
93631,26.0
93698,70.0
93732,56.0
93769,74.0
93872,21.0
94023,56.0
94159,34.0
94209,25.0
94213,80.0
94242,28.0
94334,43.0
94347,44.0
94396,62.0
94494,24.0
94529,31.0
94730,27.0
94787,24.0
94818,29.0
94840,38.0
94853,27.0
94897,29.0
94923,40.0
94951,37.0
94952,58.0
94965,26.0
94985,39.0
95025,21.0
95043,38.0
95049,25.0
95193,69.0
95201,53.0
95226,30.0
95301,19.0
95353,59.0
95359,33.0
95393,33.0
95452,76.0
95506,42.0
95509,38.0
95525,46.0
95574,37.0
95741,29.0
95800,68.0
95903,27.0
95923,17.0
95932,36.0
95991,28.0
96019,25.0
96054,29.0
96194,34.0
96320,51.0
96357,31.0
96440,29.0
96474,29.0
96475,26.0
96521,23.0
96554,36.0
96611,22.0
96679,27.0
96744,34.0
96771,43.0
96776,28.0
96869,28.0
96936,47.0
96954,45.0
96970,42.0
97025,13.0
97179,40.0
97290,24.0
97324,29.0
97423,27.0
97515,56.0
97694,25.0
97721,46.0
97754,46.0
97833,23.0
97848,40.0
97906,29.0
97945,34.0
98026,40.0
98078,54.0
98159,56.0
98263,35.0
98297,24.0
98322,40.0
98356,45.0
98376,14.0
98391,52.0
98440,17.0
98468,33.0
98484,18.0
98525,22.0
98547,43.0
98575,58.0
98628,17.0
98647,26.0
98655,70.0
98686,32.0
98722,39.0
98723,29.0
98741,30.0
98758,25.0
98783,30.0
98787,26.0
98887,49.0
98904,28.0
98943,32.0
98988,42.0
99025,35.0
99026,38.0
99032,25.0
99136,29.0
99312,28.0
99313,35.0
99314,24.0
99347,30.0
99441,33.0
99523,28.0
99630,24.0
99738,36.0
99955,14.0
99996,43.0
100009,49.0
100088,26.0
100115,42.0
100227,36.0
100264,37.0
100361,32.0
100459,38.0
100546,34.0
100578,46.0
100590,27.0
100644,26.0
100648,54.0
100782,30.0
100783,44.0
100815,30.0
100822,54.0
100832,28.0
100846,39.0
100906,34.0
101035,33.0
101091,54.0
101141,57.0
101209,44.0
101214,46.0
101304,68.0
101305,29.0
101336,41.0
101606,32.0
101696,25.0
101851,29.0
101876,38.0
101882,18.0
101978,23.0
102029,44.0
102032,30.0
102034,32.0
102130,39.0
102164,44.0
102189,27.0
102220,54.0
102275,52.0
102284,71.0
102375,27.0
102399,25.0
102505,37.0
102564,54.0
102647,14.0
102702,34.0
102705,22.0
102772,74.0
102939,47.0
102967,54.0
103024,30.0
103281,39.0
103304,44.0
103315,32.0
103336,55.0
103541,24.0
103624,53.0
103656,28.0
103811,25.0
104113,24.0
104144,65.0
104211,39.0
104243,60.0
104268,28.0
104278,29.0
104334,65.0
104362,45.0
104399,29.0
104413,53.0
104422,39.0
104429,39.0
104505,34.0
104517,27.0
104550,22.0
104569,48.0
104657,25.0
104665,30.0
104759,38.0
104812,19.0
104880,21.0
104939,43.0
105012,49.0
105028,22.0
105054,29.0
105058,32.0
105108,35.0
105114,38.0
105115,41.0
105128,11.0
105137,48.0
105214,34.0
105221,15.0
105317,32.0
105335,25.0
105374,25.0
105476,22.0
105517,28.0
105536,17.0
105627,23.0
105649,38.0
105904,35.0
105937,27.0
105968,41.0
105979,26.0
106007,29.0
106059,34.0
106086,9.0
106131,32.0
106208,22.0
106225,38.0
106273,28.0
106302,58.0
106406,34.0
106682,37.0
106725,36.0
106768,23.0
106816,57.0
106849,39.0
106893,32.0
106895,29.0
106936,48.0
107021,45.0
107044,24.0
107073,23.0
107214,41.0
107234,38.0
107244,50.0
107270,38.0
107301,31.0
107326,28.0
107384,32.0
107426,39.0
107453,18.0
107510,27.0
107540,42.0
107594,27.0
107921,47.0
107960,63.0
108005,29.0
108155,29.0
108197,25.0
108243,14.0
108261,66.0
108285,22.0
108352,37.0
108379,39.0
108392,34.0
108405,49.0
108485,32.0
108685,31.0
108700,49.0
108741,58.0
108752,31.0
108753,48.0
108950,43.0
109013,39.0
109049,34.0
109107,19.0
109115,18.0
109122,42.0
109228,23.0
109403,27.0
109427,37.0
109461,30.0
109491,40.0
109574,50.0
109605,31.0
109741,26.0
109779,25.0
109901,59.0
109971,71.0
110029,27.0
110040,23.0
110076,52.0
110112,31.0
110214,45.0
110267,39.0
110317,22.0
110361,29.0
110382,35.0
110406,38.0
110440,29.0
110483,30.0
110608,22.0
110746,59.0
110853,34.0
110887,58.0
110912,36.0
110934,46.0
110973,43.0
111133,50.0
111166,44.0
111190,53.0
111228,18.0
111286,45.0
111637,53.0
111657,35.0
111704,50.0
111747,56.0
111847,38.0
111888,50.0
111924,61.0
111944,23.0
111947,30.0
112001,43.0
112026,17.0
112083,25.0
112093,35.0
112109,33.0
112169,18.0
112188,36.0
112280,50.0
112335,49.0
112401,49.0
112408,48.0
112437,26.0
112512,27.0
112541,22.0
112559,37.0
112672,47.0
112709,42.0
112761,29.0
112765,35.0
112881,18.0
112953,31.0
112979,60.0
113030,25.0
113155,28.0
113270,25.0
113279,24.0
113292,38.0
113334,40.0
113364,44.0
113435,49.0
113467,37.0
113531,63.0
113661,39.0
113817,25.0
113902,36.0
113904,31.0
113955,16.0
113966,27.0
113983,39.0
114075,38.0
114143,31.0
114178,30.0
114197,28.0
114217,24.0
114258,30.0
114279,42.0
114306,43.0
114368,33.0
114414,27.0
114444,34.0
114446,26.0
114544,35.0
114581,23.0
114655,23.0
114698,81.0
114785,29.0
114865,97.0
114868,31.0
114893,32.0
114988,37.0
115003,43.0
115120,29.0
115224,25.0
115234,32.0
115392,30.0
115435,30.0
115488,22.0
115537,50.0
115552,30.0
115572,23.0
115678,34.0
115679,16.0
115692,33.0
115841,60.0
115874,59.0
115904,27.0
115953,36.0
115971,31.0
116005,28.0
116122,31.0
116123,21.0
116160,39.0
116210,46.0
116301,30.0
116313,35.0
116391,50.0
116428,47.0
116521,25.0
116556,44.0
116582,32.0
116599,29.0
116676,47.0
116744,32.0
116758,38.0
116763,71.0
116904,38.0
116931,24.0
117111,30.0
117132,66.0
117210,35.0
117384,29.0
117539,30.0
117548,57.0
117593,31.0
117594,26.0
117700,39.0
117852,34.0
117873,50.0
117925,40.0
118135,29.0
118275,24.0
118320,29.0
118333,18.0
118434,23.0
118489,31.0
118533,37.0
118587,59.0
118627,62.0
118628,34.0
118677,46.0
118881,31.0
119179,24.0
119248,12.0
119282,168.0
119364,16.0
119505,32.0
119575,30.0
119594,33.0
119631,46.0
119725,24.0
119858,53.0
120082,47.0
120155,42.0
120178,59.0
120181,36.0
120332,41.0
120333,35.0
120396,46.0
120435,32.0
120515,42.0
120548,39.0
120565,38.0
120579,18.0
120610,24.0
120695,39.0
120696,31.0
120735,44.0
120771,49.0
120807,43.0
120828,27.0
120860,2.0
120892,20.0
120908,27.0
121083,38.0
121093,32.0
121119,50.0
121166,55.0
121170,30.0
121251,41.0
121407,36.0
121482,60.0
121594,63.0
121606,23.0
121726,148.0
121817,38.0
121986,54.0
122014,39.0
122045,54.0
122096,32.0
122429,48.0
122440,29.0
122506,27.0
122716,30.0
122782,38.0
122793,46.0
122801,38.0
122867,56.0
122988,24.0
123056,32.0
123094,45.0
123143,28.0
123203,29.0
123215,27.0
123257,20.0
123261,41.0
123460,31.0
123468,42.0
123501,27.0
123503,54.0
123510,65.0
123597,44.0
123608,17.0
123625,22.0
123649,27.0
123744,25.0
123784,37.0
123790,25.0
123883,18.0
123981,46.0
123988,32.0
124078,25.0
124079,24.0
124233,26.0
124298,25.0
124310,53.0
124363,36.0
124378,29.0
124474,53.0
124574,37.0
124597,38.0
124617,29.0
124688,23.0
124717,24.0
124720,36.0
124747,43.0
124869,31.0
124874,32.0
124876,23.0
124888,25.0
124983,32.0
124989,46.0
125039,27.0
125063,44.0
125143,22.0
125203,18.0
125217,18.0
125287,40.0
125303,25.0
125411,43.0
125474,26.0
125519,40.0
125538,35.0
125692,28.0
125736,17.0
125774,36.0
125798,25.0
125808,32.0
125917,33.0
125918,31.0
126053,16.0
126196,36.0
126240,51.0
126388,26.0
126395,28.0
126473,41.0
126492,31.0
126531,23.0
126604,27.0
126693,33.0
126697,30.0
126726,34.0
126736,38.0
126783,44.0
126803,47.0
126814,32.0
126827,30.0
126860,28.0
126911,57.0
127024,57.0
127035,52.0
127049,31.0
127131,42.0
127137,42.0
127190,57.0
127203,20.0
127233,29.0
127359,33.0
127384,32.0
127429,23.0
127438,58.0
127481,45.0
127505,41.0
127519,33.0
127621,41.0
127623,27.0
127914,43.0
128033,47.0
128040,35.0
128045,41.0
128060,36.0
128085,40.0
128122,37.0
128208,34.0
128257,26.0
128325,43.0
128331,24.0
128406,31.0
128434,24.0
128574,34.0
128610,48.0
128622,23.0
128653,20.0
128669,22.0
128696,34.0
128732,31.0
128790,31.0
128835,60.0
128915,43.0
129008,44.0
129074,51.0
129084,39.0
129338,24.0
129358,36.0
129373,54.0
129393,27.0
129444,30.0
129461,39.0
129465,33.0
129474,50.0
129489,24.0
129503,40.0
129690,34.0
129716,30.0
129851,35.0
129883,23.0
130132,33.0
130157,47.0
130166,69.0
130168,62.0
130438,38.0
130474,33.0
130482,54.0
130543,22.0
130581,18.0
130636,20.0
130658,90.0
130705,29.0
130792,36.0
130837,32.0
130847,35.0
130950,32.0
131027,31.0
131032,36.0
131046,26.0
131099,39.0
131108,21.0
131126,31.0
131154,18.0
131182,32.0
131238,15.0
131363,20.0
131437,21.0
131482,37.0
131594,47.0
131622,51.0
131675,36.0
131686,27.0
131855,31.0
132083,47.0
132133,23.0
132171,54.0
132188,55.0
132282,23.0
132357,52.0
132373,45.0
132375,58.0
132382,40.0
132392,38.0
132531,29.0
132544,38.0
132572,45.0
132582,20.0
132663,44.0
132716,61.0
132786,42.0
132836,57.0
132851,43.0
132909,35.0
132930,29.0
133166,23.0
133258,49.0
133284,41.0
133296,23.0
133416,25.0
133418,32.0
133571,39.0
133689,29.0
133706,30.0
133738,28.0
133747,28.0
133868,36.0
133905,34.0
133935,28.0
134005,34.0
134137,27.0
134225,25.0
134247,26.0
134278,23.0
134294,44.0
134311,23.0
134347,26.0
134434,25.0
134516,26.0
134556,28.0
134641,48.0
134694,42.0
134761,26.0
134784,27.0
134837,28.0
134948,43.0
135045,29.0
135074,47.0
135265,32.0
135294,32.0
135329,40.0
135351,23.0
135360,39.0
135383,43.0
135398,40.0
135411,34.0
135458,24.0
135653,21.0
135673,26.0
135703,32.0
135704,66.0
135736,54.0
135753,55.0
135763,42.0
135776,32.0
135778,45.0
135799,50.0
135869,46.0
135902,20.0
135974,29.0
136011,37.0
136071,44.0
136136,32.0
136193,40.0
136205,39.0
136237,34.0
136240,20.0
136252,33.0
136291,23.0
136313,27.0
136326,42.0
136348,51.0
136396,34.0
136465,18.0
136491,18.0
136509,31.0
136561,37.0
136747,31.0
136829,33.0
137136,80.0
137190,31.0
137222,26.0
137336,26.0
137384,32.0
137397,32.0
137434,45.0
137437,26.0
137480,25.0
137587,28.0
137589,35.0
137620,36.0
137627,37.0
137688,46.0
137742,24.0
137803,27.0
138010,31.0
138018,35.0
138073,31.0
138097,35.0
138176,35.0
138189,37.0
138198,37.0
138239,40.0
138298,50.0
138301,29.0
138366,32.0
138397,35.0
138425,48.0
138441,34.0
138515,36.0
138543,21.0
138578,38.0
138602,36.0
138689,41.0
138844,40.0
138883,16.0
138955,52.0
138995,47.0
139070,30.0
139126,27.0
139141,35.0
139206,52.0
139209,23.0
139221,47.0
139287,32.0
139327,24.0
139359,36.0
139387,30.0
139462,30.0
139467,53.0
139524,12.0
139575,42.0
139586,33.0
139642,57.0
139706,20.0
139742,36.0
139828,49.0
139835,37.0
139913,54.0
139916,35.0
140013,41.0
140036,35.0
140069,29.0
140087,32.0
140184,23.0
140223,27.0
140255,21.0
140294,31.0
140340,42.0
140410,26.0
140423,36.0
140555,31.0
140662,30.0
140763,34.0
140879,36.0
140974,44.0
141010,35.0
141047,47.0
141070,20.0
141089,22.0
141109,28.0
141201,29.0
141309,27.0
141310,21.0
141328,29.0
141450,32.0
141491,47.0
141493,44.0
141496,44.0
141511,30.0
141518,27.0
141600,35.0
141819,34.0
141901,43.0
141902,51.0
141958,41.0
142005,46.0
142024,61.0
142026,32.0
142062,41.0
142121,33.0
142143,32.0
142212,64.0
142256,52.0
142524,36.0
142584,21.0
142600,59.0
142671,59.0
142672,30.0
142680,26.0
142715,35.0
142745,38.0
142801,17.0
142823,29.0
143011,32.0
143134,27.0
143163,26.0
143175,28.0
143253,27.0
143294,42.0
143415,50.0
143427,24.0
143497,36.0
143668,33.0
143715,32.0
143792,25.0
143809,21.0
143837,28.0
143909,26.0
143964,26.0
143968,39.0
144038,49.0
144114,49.0
144162,35.0
144194,21.0
144223,20.0
144229,25.0
144316,39.0
144455,40.0
144478,39.0
144516,41.0
144531,37.0
144555,37.0
144727,45.0
144925,32.0
144997,31.0
145003,34.0
145109,45.0
145161,38.0
145165,38.0
145198,28.0
145431,33.0
145451,63.0
145619,36.0
145737,40.0
145947,41.0
146025,42.0
146078,42.0
146083,29.0
146175,27.0
146230,49.0
146266,48.0
146279,42.0
146281,28.0
146298,25.0
146345,47.0
146386,14.0
146421,44.0
146564,43.0
146722,28.0
146890,64.0
146932,30.0
147045,28.0
147141,21.0
147156,42.0
147166,38.0
147224,41.0
147307,48.0
147414,42.0
147420,53.0
147451,37.0
147475,57.0
147616,30.0
147678,36.0
147686,34.0
147687,17.0
147752,27.0
147764,29.0
147803,64.0
147839,47.0
147851,22.0
147900,32.0
148142,21.0
148153,26.0
148191,42.0
148192,50.0
148199,50.0
148263,34.0
148314,29.0
148590,49.0
148662,25.0
148695,26.0
148744,67.0
148798,54.0
148847,34.0
148898,24.0
148929,59.0
148934,31.0
149043,55.0
149069,30.0
149071,49.0
149084,32.0
149140,44.0
149483,25.0
149510,41.0
149690,35.0
149802,33.0
149893,25.0
149907,42.0
149908,29.0
149909,22.0
149934,44.0
150124,30.0
150297,24.0
150498,38.0
150554,15.0
150561,33.0
150587,61.0
150627,24.0
150661,36.0
150663,24.0
150896,30.0
150968,47.0
150979,34.0
151043,20.0
151068,28.0
151098,38.0
151107,39.0
151503,33.0
151537,33.0
151589,56.0
151702,18.0
151780,26.0
151790,26.0
151800,25.0
151806,50.0
151928,52.0
151991,39.0
152016,29.0
152036,47.0
152099,14.0
152186,33.0
152309,71.0
152409,33.0
152435,40.0
152483,18.0
152514,61.0
152548,30.0
152579,22.0
152617,27.0
152645,28.0
152651,24.0
152742,38.0
152946,25.0
153042,35.0
153054,20.0
153211,28.0
153322,33.0
153342,43.0
153361,44.0
153513,31.0
153653,50.0
153662,44.0
153718,27.0
153719,49.0
153723,31.0
153797,31.0
153927,26.0
154037,33.0
154070,38.0
154126,48.0
154160,32.0
154176,31.0
154182,36.0
154346,24.0
154354,31.0
154529,37.0
154543,29.0
154553,23.0
154730,42.0
154773,30.0
154781,62.0
154844,32.0
154944,33.0
154975,29.0
154992,40.0
155027,39.0
155141,31.0
155147,60.0
155219,29.0
155343,26.0
155444,51.0
155463,38.0
155495,26.0
155580,61.0
155680,22.0
155807,54.0
155916,27.0
156140,52.0
156150,36.0
156163,54.0
156214,59.0
156243,40.0
156269,53.0
156300,49.0
156438,43.0
156467,38.0
156510,50.0
156534,26.0
156575,41.0
156584,55.0
156670,39.0
156706,19.0
156837,39.0
157101,31.0
157127,26.0
157163,37.0
157247,48.0
157252,43.0
157273,37.0
157290,33.0
157380,34.0
157655,45.0
157799,42.0
157811,34.0
158033,24.0
158103,56.0
158226,26.0
158254,28.0
158262,29.0
158344,36.0
158385,32.0
158506,52.0
158606,72.0
158774,34.0
158791,72.0
158846,54.0
158984,42.0
159033,46.0
159040,14.0
159137,42.0
159283,66.0
159440,27.0
159506,28.0
159564,33.0
159720,31.0
159732,47.0
159754,60.0
159783,55.0
159822,37.0
159834,19.0
159858,37.0
159860,43.0
159863,60.0
160295,38.0
160393,46.0
160401,30.0
160434,29.0
160451,59.0
160548,22.0
160558,28.0
160574,27.0
160681,28.0
160735,39.0
160819,43.0
160939,25.0
161037,32.0
161039,30.0
161041,24.0
161200,43.0
161211,25.0
161234,41.0
161252,57.0
161265,44.0
161299,41.0
161348,17.0
161443,58.0
161467,41.0
161476,26.0
161662,32.0
161677,26.0
161752,58.0
161755,26.0
161831,33.0
161872,27.0
161880,31.0
161882,49.0
161936,53.0
161974,25.0
162019,19.0
162052,51.0
162085,21.0
162121,31.0
162155,57.0
162311,22.0
162376,23.0
162380,28.0
162473,29.0
162538,49.0
162562,29.0
162564,28.0
162625,46.0
162671,19.0
162738,35.0
162762,25.0
162780,31.0
162840,52.0
162886,29.0
162962,25.0
163194,57.0
163202,26.0
163307,24.0
163319,34.0
163326,28.0
163358,21.0
163419,33.0
163488,24.0
163534,37.0
163570,50.0
163579,58.0
163600,17.0
163676,59.0
163690,31.0
163744,54.0
163761,37.0
163804,43.0
163851,26.0
163973,46.0
164096,29.0
164323,31.0
164480,44.0
164492,46.0
164533,46.0
164581,30.0
164584,52.0
164675,55.0
164762,29.0
164926,25.0
164944,23.0
164956,44.0
165183,60.0
165232,23.0
165268,73.0
165308,33.0
165319,28.0
165392,43.0
165420,31.0
165452,28.0
165512,28.0
165516,26.0
165669,45.0
165759,58.0
165806,57.0
165838,60.0
165866,27.0
165987,48.0
166017,38.0
166123,32.0
166141,34.0
166327,66.0
166391,60.0
166409,63.0
166492,19.0
166596,57.0
166646,30.0
166828,29.0
166830,24.0
166922,26.0
167131,30.0
167189,43.0
167327,29.0
167349,33.0
167471,29.0
167478,28.0
167494,20.0
167507,21.0
167517,25.0
167521,23.0
167556,33.0
167587,22.0
167611,36.0
167614,46.0
167678,35.0
167722,43.0
167746,32.0
167761,24.0
167782,20.0
167800,57.0
167812,38.0
167925,26.0
168047,28.0
168132,37.0
168144,46.0
168216,47.0
168245,37.0
168387,32.0
168464,11.0
168642,24.0
168816,35.0
168954,29.0
168971,49.0
169057,50.0
169181,53.0
169192,35.0
169223,38.0
169233,27.0
169243,41.0
169249,43.0
169403,43.0
169438,39.0
169492,55.0
169600,28.0
169682,26.0
169699,40.0
169779,36.0
169781,21.0
169824,35.0
170012,37.0
170077,58.0
170154,31.0
170155,40.0
170184,51.0
170227,33.0
170229,56.0
170264,23.0
170368,51.0
170415,30.0
170518,61.0
170522,48.0
170527,40.0
170545,31.0
170572,34.0
170575,32.0
170595,34.0
170702,56.0
170721,33.0
170724,43.0
170742,41.0
170762,60.0
170791,45.0
170792,38.0
170810,40.0
170861,44.0
170947,35.0
170997,66.0
171045,44.0
171050,41.0
171078,43.0
171082,36.0
171118,47.0
171157,32.0
171165,36.0
171295,27.0
171389,26.0
171445,37.0
171602,37.0
171638,50.0
171758,13.0
171765,37.0
171783,20.0
171795,54.0
171818,31.0
171904,28.0
171968,23.0
171986,47.0
172010,21.0
172030,30.0
172061,25.0
172091,58.0
172119,28.0
172122,44.0
172128,40.0
172180,36.0
172192,36.0
172203,45.0
172326,51.0
172374,20.0
172462,45.0
172486,26.0
172512,25.0
172613,39.0
172676,29.0
172700,33.0
172742,44.0
172760,29.0
173111,36.0
173122,28.0
173131,25.0
173291,29.0
173415,31.0
173481,69.0
173486,45.0
173517,35.0
173650,27.0
173679,27.0
173684,15.0
173769,17.0
173773,36.0
173835,53.0
173856,30.0
173860,48.0
173879,25.0
173881,32.0
173906,32.0
173999,33.0
174062,38.0
174092,34.0
174140,23.0
174151,34.0
174207,28.0
174216,36.0
174304,26.0
174326,38.0
174375,31.0
174428,37.0
174509,3.0
174625,32.0
174633,31.0
174683,40.0
174692,59.0
174700,47.0
174791,38.0
174827,46.0
174834,59.0
174914,33.0
174962,20.0
174987,32.0
175000,27.0
175003,33.0
175052,57.0
175070,31.0
175100,55.0
175101,61.0
175145,33.0
175149,32.0
175271,55.0
175283,29.0
175284,38.0
175287,32.0
175485,21.0
175536,27.0
175636,46.0
175886,52.0
175978,27.0
176062,37.0
176094,22.0
176214,34.0
176256,32.0
176348,33.0
176459,30.0
176597,34.0
176658,33.0
176667,23.0
176875,31.0
176887,30.0
176902,25.0
176903,24.0
177040,27.0
177072,47.0
177090,37.0
177091,36.0
177113,47.0
177128,41.0
177180,39.0
177186,42.0
177195,20.0
177233,23.0
177277,30.0
177284,30.0
177295,41.0
177349,33.0
177373,29.0
177375,42.0
177432,33.0
177458,29.0
177531,40.0
177569,52.0
177590,49.0
177690,27.0
177862,33.0
177876,46.0
178035,81.0
178056,32.0
178079,55.0
178130,45.0
178151,58.0
178181,32.0
178195,58.0
178223,34.0
178240,49.0
178322,66.0
178587,56.0
178667,34.0
178797,29.0
178919,30.0
178920,31.0
179068,30.0
179075,82.0
179118,28.0
179184,45.0
179288,50.0
179327,18.0
179433,42.0
179532,24.0
179534,31.0
179688,56.0
179718,39.0
179733,26.0
179734,26.0
179739,42.0
179744,26.0
179772,37.0
179791,22.0
179826,22.0
179857,41.0
179978,28.0
180042,63.0
180146,53.0
180348,40.0
180378,38.0
180495,80.0
180591,1.0
180651,54.0
180722,19.0
180801,36.0
180802,35.0
180840,33.0
180917,50.0
180925,26.0
181076,53.0
181077,35.0
181103,25.0
181165,39.0
181176,43.0
181212,32.0
181666,40.0
181687,29.0
181691,26.0
181714,28.0
181736,32.0
181796,33.0
181944,49.0
181948,47.0
181956,21.0
181995,25.0
182053,30.0
182088,21.0
182202,20.0
182334,31.0
182345,25.0
182393,35.0
182403,35.0
182414,25.0
182425,26.0
182459,28.0
182506,40.0
182527,62.0
182599,35.0
182746,44.0
182781,54.0
182819,44.0
182838,26.0
182847,40.0
182931,32.0
182969,36.0
182993,40.0
183061,30.0
183088,43.0
183101,15.0
183103,66.0
183146,49.0
183187,48.0
183196,33.0
183287,28.0
183347,35.0
183476,29.0
183532,35.0
183540,35.0
183740,28.0
183753,26.0
183883,35.0
183952,68.0
183958,57.0
183963,27.0
183995,49.0
184121,37.0
184265,65.0
184279,29.0
184299,31.0
184401,55.0
184424,44.0
184465,33.0
184483,41.0
184513,61.0
184532,28.0
184547,46.0
184562,49.0
184789,34.0
184845,23.0
184891,50.0
184904,22.0
185011,42.0
185087,41.0
185123,31.0
185147,33.0
185176,37.0
185233,31.0
185252,39.0
185254,30.0
185275,32.0
185296,51.0
185402,29.0
185448,31.0
185468,40.0
185514,32.0
185519,40.0
185671,38.0
185722,24.0
185731,23.0
185771,39.0
186039,24.0
186446,47.0
186527,37.0
186547,55.0
186570,28.0
186623,24.0
186762,18.0
186837,39.0
186848,31.0
186899,24.0
187145,65.0
187170,33.0
187232,83.0
187266,66.0
187410,100.0
187425,12.0
187463,56.0
187517,28.0
187520,29.0
187606,53.0
187613,19.0
187624,34.0
187747,22.0
187762,24.0
187763,33.0
187801,47.0
187810,45.0
187822,37.0
187863,33.0
187904,35.0
187922,34.0
187981,23.0
188027,44.0
188273,22.0
188369,25.0
188379,51.0
188483,37.0
188484,24.0
188513,44.0
188583,22.0
188589,20.0
188593,26.0
188598,28.0
188658,23.0
188659,61.0
188676,38.0
188799,23.0
188951,24.0
189066,70.0
189080,28.0
189104,26.0
189115,28.0
189139,40.0
189151,60.0
189320,39.0
189334,49.0
189392,26.0
189474,41.0
189516,37.0
189536,20.0
189558,55.0
189678,43.0
189855,33.0
190347,45.0
190374,38.0
190422,35.0
190459,40.0
190521,41.0
190533,33.0
190708,43.0
190741,52.0
190807,43.0
190814,28.0
190885,38.0
190923,45.0
190925,51.0
190939,31.0
191165,36.0
191188,80.0
191523,41.0
191548,44.0
191560,59.0
191575,30.0
191671,30.0
191694,62.0
191716,49.0
191761,50.0
191841,33.0
191865,3.0
191875,25.0
191883,27.0
191913,54.0
191968,29.0
192093,46.0
192101,29.0
192119,39.0
192176,58.0
192185,52.0
192203,64.0
192211,45.0
192244,26.0
192353,26.0
192428,34.0
192479,43.0
192710,53.0
193131,28.0
193168,38.0
193248,32.0
193412,36.0
193458,40.0
193469,29.0
193499,41.0
193529,51.0
193560,37.0
193676,27.0
193798,33.0
193966,35.0
194027,63.0
194172,54.0
194202,40.0
194287,23.0
194457,54.0
194463,52.0
194514,36.0
194519,28.0
194600,51.0
194605,41.0
194614,33.0
194646,50.0
194669,46.0
194803,44.0
194992,34.0
195049,41.0
195079,43.0
195100,52.0
195116,27.0
195247,18.0
195374,51.0
195386,53.0
195469,39.0
195572,31.0
195694,29.0
195714,37.0
195904,36.0
195943,17.0
196018,27.0
196047,55.0
196052,36.0
196053,35.0
196077,28.0
196106,34.0
196108,34.0
196129,26.0
196137,36.0
196148,26.0
196149,29.0
196160,22.0
196191,18.0
196228,40.0
196253,34.0
196282,25.0
196317,60.0
196466,30.0
196502,38.0
196598,49.0
196621,58.0
196656,26.0
196738,39.0
197012,33.0
197364,30.0
197410,31.0
197502,26.0
197550,40.0
197609,33.0
197659,49.0
197664,37.0
197727,16.0
197775,21.0
197828,61.0
197866,30.0
197882,35.0
197913,22.0
197997,29.0
198012,34.0
198046,51.0
198114,34.0
198213,19.0
198331,43.0
198412,17.0
198506,49.0
198515,39.0
198621,42.0
198625,30.0
198692,51.0
198699,49.0
198711,62.0
198726,46.0
198767,65.0
198776,35.0
198781,43.0
198840,24.0
198930,21.0
198982,34.0
198983,29.0
198996,62.0
199092,50.0
199095,58.0
199178,57.0
199209,32.0
199378,14.0
199416,65.0
199431,15.0
199494,57.0
199515,44.0
199857,66.0
199901,35.0
200196,56.0
200226,39.0
200248,21.0
200315,39.0
200422,29.0
200493,56.0
200557,26.0
200568,48.0
200583,44.0
200585,18.0
200643,21.0
200674,58.0
200772,28.0
200814,31.0
200978,41.0
200993,25.0
201017,36.0
201042,34.0
201141,27.0
201290,35.0
201353,19.0
201404,28.0
201447,40.0
201475,35.0
201526,25.0
201548,29.0
201593,36.0
201641,19.0
201673,19.0
201674,28.0
201677,29.0
201684,24.0
201697,29.0
201760,29.0
201768,47.0
201776,22.0
201783,25.0
201829,33.0
202058,35.0
202127,25.0
202173,29.0
202182,24.0
202277,54.0
202358,52.0
202381,53.0
202462,32.0
202711,30.0
202834,20.0
202885,62.0
202919,1.0
202963,32.0
203017,32.0
203044,40.0
203058,32.0
203075,23.0
203161,38.0
203240,32.0
203280,28.0
203380,38.0
203441,38.0
203506,18.0
203603,37.0
203621,37.0
203649,41.0
203764,48.0
203799,54.0
203844,40.0
203900,30.0
203910,16.0
204167,30.0
204205,36.0
204285,23.0
204333,32.0
204359,40.0
204393,23.0
204457,55.0
204522,29.0
204591,30.0
204622,24.0
204790,31.0
204825,18.0
204854,16.0
204864,47.0
204946,47.0
204964,24.0
205166,38.0
205197,24.0
205281,37.0
205383,36.0
205426,36.0
205448,22.0
205473,32.0
205487,36.0
205502,24.0
205554,16.0
205735,26.0
205765,27.0
205843,37.0
205919,25.0
205922,61.0
205943,43.0
205963,56.0
205969,48.0
205979,23.0
206016,25.0
206074,16.0
206109,29.0
206202,16.0
206219,19.0
206249,20.0
206393,29.0
206438,24.0
206563,45.0
206567,33.0
206675,14.0
206691,28.0
206695,45.0
206891,32.0
206944,26.0
206959,32.0
206972,15.0
206979,22.0
207148,42.0
207246,28.0
207259,38.0
207275,22.0
207339,43.0
207341,58.0
207349,25.0
207385,58.0
207494,42.0
207563,29.0
207616,53.0
207686,35.0
207721,39.0
207727,37.0
207782,28.0
207825,52.0
207835,57.0
207924,50.0
207965,46.0
207971,53.0
208058,35.0
208112,32.0
208141,46.0
208147,41.0
208236,30.0
208251,35.0
208382,53.0
208406,30.0
208410,23.0
208415,37.0
208555,12.0
208591,40.0
208600,16.0
208605,38.0
208622,44.0
208641,48.0
208665,69.0
208668,59.0
208741,30.0
208786,36.0
208788,23.0
208815,23.0
208907,26.0
208960,35.0
209059,26.0
209156,48.0
209160,32.0
209204,37.0
209229,35.0
209238,60.0
209272,50.0
209373,37.0
209464,17.0
209477,36.0
209486,24.0
209516,57.0
209536,30.0
209563,48.0
209625,33.0
209631,23.0
209756,36.0
209817,27.0
209870,41.0
209875,43.0
209985,45.0
210035,24.0
210168,26.0
210223,22.0
210346,35.0
210485,35.0
210597,38.0
210685,25.0
210706,20.0
210717,42.0
210792,36.0
210816,29.0
210822,36.0
210874,26.0
210959,30.0
211041,30.0
211152,33.0
211176,29.0
211231,21.0
211264,38.0
211288,36.0
211303,43.0
211344,32.0
211351,42.0
211426,24.0
211430,28.0
211460,33.0
211713,45.0
211767,34.0
211770,23.0
211847,27.0
211919,38.0
211944,42.0
211961,40.0
212088,33.0
212142,37.0
212181,13.0
212252,41.0
212328,34.0
212350,44.0
212385,18.0
212411,25.0
212467,62.0
212628,36.0
212645,21.0
212797,39.0
212835,31.0
212849,59.0
212859,61.0
212923,34.0
212986,39.0
213119,20.0
213150,103.0
213197,33.0
213255,32.0
213312,47.0
213316,32.0
213350,65.0
213531,63.0
213628,31.0
213638,43.0
213641,37.0
213657,28.0
213661,41.0
213708,36.0
213760,32.0
213915,29.0
213941,20.0
213953,68.0
214244,23.0
214272,42.0
214315,32.0
214436,35.0
214528,31.0
214631,52.0
214651,38.0
214879,24.0
214920,35.0
215006,44.0
215071,29.0
215180,39.0
215298,32.0
215421,57.0
215693,30.0
215942,24.0
215986,28.0
215988,42.0
216012,34.0
216027,54.0
216100,40.0
216155,38.0
216211,39.0
216386,25.0
216435,24.0
216444,57.0
216466,29.0
216476,30.0
216501,35.0
216679,26.0
216724,20.0
216745,36.0
216931,51.0
216955,33.0
217056,30.0
217089,50.0
217106,55.0
217107,34.0
217121,43.0
217173,25.0
217262,55.0
217292,75.0
217375,35.0
217444,17.0
217468,23.0
217516,56.0
217566,16.0
217673,34.0
217740,37.0
217811,37.0
217986,35.0
218068,35.0
218182,38.0
218221,18.0
218240,35.0
218344,23.0
218430,55.0
218552,48.0
218568,41.0
218569,36.0
218608,31.0
218640,34.0
218760,31.0
218875,28.0
218936,43.0
218976,19.0
219008,60.0
219013,19.0
219208,26.0
219260,49.0
219420,29.0
219482,28.0
219546,25.0
219609,37.0
219671,35.0
219683,32.0
219924,64.0
219951,19.0
219955,34.0
220240,34.0
220278,32.0
220307,33.0
220314,39.0
220564,28.0
220597,26.0
220608,32.0
220626,27.0
220664,28.0
220688,27.0
220867,25.0
220911,29.0
220931,23.0
220958,34.0
221040,29.0
221115,59.0
221186,41.0
221510,28.0
221543,46.0
221687,34.0
221732,26.0
221753,35.0
221777,26.0
221870,45.0
221946,28.0
221948,36.0
222035,56.0
222050,45.0
222110,33.0
222152,78.0
222204,42.0
222220,30.0
222372,54.0
222488,29.0
222506,57.0
222563,41.0
222614,59.0
222688,42.0
222788,23.0
222912,41.0
222941,57.0
223066,51.0
223154,33.0
223156,31.0
223190,33.0
223210,57.0
223211,41.0
223231,17.0
223238,21.0
223253,56.0
223326,30.0
223402,36.0
223438,31.0
223566,29.0
223608,31.0
223644,30.0
223787,58.0
223816,26.0
223953,29.0
223954,34.0
224115,28.0
224146,35.0
224308,57.0
224340,45.0
224349,23.0
224435,24.0
224525,18.0
224764,116.0
224768,41.0
224809,61.0
224904,27.0
224923,24.0
224927,38.0
224944,45.0
225002,32.0
225066,38.0
225078,46.0
225087,51.0
225186,14.0
225191,18.0
225199,54.0
225232,4.0
225379,24.0
225449,57.0
225595,37.0
225610,28.0
225612,37.0
225659,35.0
225686,16.0
225687,16.0
225731,25.0
225810,56.0
225886,35.0
225887,13.0
225910,19.0
225938,46.0
225986,36.0
225989,27.0
225996,20.0
226003,53.0
226006,35.0
226007,24.0
226031,37.0
226069,43.0
226205,48.0
226393,24.0
226394,31.0
226462,33.0
226482,21.0
226545,38.0
226616,204.0
226702,55.0
226739,30.0
226745,38.0
226772,37.0
226847,18.0
226879,31.0
226965,47.0
227025,33.0
227097,37.0
227250,32.0
227275,47.0
227276,41.0
227327,35.0
227377,52.0
227422,35.0
227447,38.0
227520,33.0
227681,27.0
227702,42.0
227705,36.0
227814,48.0
227836,30.0
227859,26.0
227884,25.0
227886,1.0
228021,32.0
228154,26.0
228311,32.0
228313,17.0
228321,22.0
228351,16.0
228445,19.0
228579,29.0
228633,20.0
228764,39.0
228789,44.0
228868,33.0
228880,31.0
228947,36.0
228998,41.0
229055,32.0
229244,28.0
229313,31.0
229329,56.0
229331,37.0
229334,30.0
229409,32.0
229412,27.0
229502,27.0
229551,28.0
229632,23.0
229741,29.0
229742,30.0
229757,24.0
229768,23.0
229899,26.0
230030,36.0
230115,44.0
230180,33.0
230293,33.0
230400,40.0
230402,1.0
230459,39.0
230496,34.0
230522,52.0
230629,54.0
230687,47.0
230699,30.0
230708,43.0
230997,60.0
231081,15.0
231177,37.0
231210,44.0
231263,27.0
231264,38.0
231299,20.0
231337,26.0
231340,37.0
231351,34.0
231374,20.0
231393,28.0
231613,28.0
231795,54.0
231827,32.0
231857,46.0
231897,33.0
231993,26.0
232052,26.0
232066,30.0
232106,36.0
232271,46.0
232492,31.0
232579,38.0
232688,22.0
232736,46.0
232756,34.0
232820,25.0
232838,39.0
232853,40.0
232945,28.0
232959,43.0
232964,44.0
232990,26.0
233196,43.0
233256,36.0
233392,51.0
233430,45.0
233526,35.0
233529,44.0
233543,58.0
233578,43.0
233711,36.0
233747,29.0
233853,23.0
233856,31.0
233889,37.0
233903,23.0
233911,41.0
233917,38.0
233976,29.0
234023,40.0
234205,15.0
234288,35.0
234359,35.0
234565,35.0
234672,53.0
234683,23.0
234685,33.0
234765,28.0
234879,30.0
234925,51.0
234954,26.0
235059,24.0
235099,48.0
235105,46.0
235117,47.0
235146,39.0
235221,45.0
235282,43.0
235392,27.0
235429,19.0
235498,42.0
235506,29.0
235543,53.0
235619,41.0
235684,26.0
235805,27.0
235842,41.0
235888,24.0
235935,43.0
235952,25.0
236033,38.0
236058,34.0
236164,42.0
236172,34.0
236235,19.0
236237,32.0
236267,30.0
236269,21.0
236283,41.0
236340,29.0
236399,40.0
236480,34.0
236625,38.0
236655,30.0
236727,32.0
236840,72.0
236872,35.0
236943,42.0
236948,35.0
236955,41.0
236959,35.0
237064,68.0
237091,54.0
237175,32.0
237264,35.0
237429,46.0
237474,24.0
237477,32.0
237534,47.0
237577,19.0
237646,56.0
237748,27.0
238008,36.0
238010,29.0
238065,27.0
238120,25.0
238186,36.0
238222,28.0
238231,17.0
238319,34.0
238350,49.0
238475,34.0
238540,32.0
238557,21.0
238607,24.0
238613,37.0
238617,44.0
238630,21.0
238639,22.0
238779,46.0
238781,51.0
238849,40.0
238864,32.0
238889,33.0
238890,30.0
238961,18.0
239020,55.0
239074,38.0
239423,49.0
239449,14.0
239468,26.0
239486,25.0
239554,37.0
239594,28.0
239609,42.0
239626,52.0
239688,26.0
239736,20.0
239788,33.0
240051,32.0
240131,26.0
240144,34.0
240219,38.0
240224,52.0
240225,46.0
240318,33.0
240333,33.0
240375,34.0
240401,64.0
240403,49.0
240541,40.0
240567,33.0
240568,34.0
240609,60.0
240677,56.0
240700,15.0
240756,41.0
240789,29.0
240829,23.0
241086,28.0
241204,23.0
241239,36.0
241305,20.0
241306,32.0
241367,38.0
241414,23.0
241432,23.0
241548,44.0
241565,64.0
241614,20.0
241666,35.0
241791,27.0
241802,17.0
241874,52.0
241980,35.0
242006,30.0
242073,28.0
242083,24.0
242106,28.0
242118,46.0
242247,42.0
242248,29.0
242299,25.0
242309,17.0
242310,26.0
242409,23.0
242445,24.0
242458,47.0
242485,43.0
242528,44.0
242544,30.0
242639,17.0
242640,23.0
242708,8.0
242824,21.0
242843,43.0
242849,33.0
242878,37.0
242891,84.0
242914,43.0
242962,26.0
243004,14.0
243075,13.0
243077,34.0
243142,51.0
243236,50.0
243294,25.0
243312,36.0
243328,33.0
243491,43.0
243585,56.0
243745,38.0
243759,51.0
243785,31.0
243876,31.0
243879,32.0
243929,63.0
243930,43.0
243951,56.0
243966,18.0
243984,40.0
244007,27.0
244070,47.0
244171,51.0
244189,35.0
244277,44.0
244286,22.0
244349,40.0
244400,55.0
244484,42.0
244485,30.0
244593,33.0
244627,32.0
244657,32.0
244662,29.0
244688,26.0
244710,30.0
244736,23.0
244742,18.0
244781,32.0
244814,26.0
244873,34.0
244874,29.0
244915,49.0
244964,32.0
244995,30.0
245088,27.0
245102,21.0
245128,23.0
245157,53.0
245188,55.0
245215,44.0
245257,32.0
245287,29.0
245295,24.0
245312,51.0
245328,26.0
245346,24.0
245371,26.0
245410,28.0
245446,24.0
245616,28.0
245649,27.0
245655,36.0
245703,25.0
245782,35.0
245851,31.0
245864,46.0
245925,57.0
245978,28.0
246000,20.0
246036,45.0
246156,32.0
246247,29.0
246311,35.0
246333,31.0
246437,37.0
246470,31.0
246507,35.0
246512,22.0
246513,23.0
246528,31.0
246617,27.0
246671,27.0
246678,33.0
246759,23.0
246776,21.0
246798,34.0
246820,39.0
246959,49.0
247010,34.0
247055,25.0
247129,26.0
247211,54.0
247240,31.0
247241,37.0
247278,51.0
247429,39.0
247444,32.0
247447,19.0
247626,35.0
247752,30.0
247829,48.0
247897,55.0
247958,44.0
247998,52.0
248064,29.0
248098,38.0
248221,62.0
248464,30.0
248468,44.0
248477,17.0
248479,27.0
248531,47.0
248540,50.0
248547,50.0
248615,42.0
248656,34.0
248669,51.0
248718,43.0
248749,39.0
248752,25.0
248805,34.0
248850,48.0
248965,36.0
249058,38.0
249096,33.0
249140,46.0
249146,41.0
249361,37.0
249407,22.0
249480,31.0
249536,33.0
249628,51.0
249634,66.0
249695,35.0
249723,32.0
249736,41.0
249791,38.0
249924,38.0
249958,12.0
250015,31.0
250016,17.0
250101,61.0
250359,23.0
250398,50.0
250405,55.0
250456,52.0
250645,22.0
250683,41.0
250725,68.0
250750,44.0
250851,21.0
250925,33.0
250936,36.0
250962,24.0
250984,37.0
250987,30.0
251003,37.0
251019,52.0
251050,25.0
251069,14.0
251093,23.0
251097,19.0
251140,25.0
251149,50.0
251164,59.0
251170,39.0
251242,28.0
251325,26.0
251327,37.0
251339,46.0
251362,25.0
251391,30.0
251394,25.0
251422,23.0
251495,54.0
251499,25.0
251560,48.0
251575,28.0
251613,34.0
251637,46.0
251642,57.0
251721,57.0
251730,37.0
251844,30.0
251851,43.0
252007,35.0
252071,32.0
252222,21.0
252268,53.0
252287,58.0
252292,32.0
252347,52.0
252510,1.0
252601,49.0
252642,27.0
252676,34.0
252719,19.0
252775,24.0
252806,37.0
252820,33.0
252827,36.0
252846,16.0
252848,32.0
252865,30.0
253005,43.0
253106,45.0
253226,25.0
253311,43.0
253403,29.0
253482,24.0
253556,31.0
253563,33.0
253580,52.0
253602,28.0
253626,23.0
253771,49.0
253797,40.0
253855,29.0
253871,26.0
253949,33.0
254038,32.0
254053,27.0
254064,45.0
254144,23.0
254159,39.0
254160,33.0
254201,25.0
254206,31.0
254241,35.0
254299,55.0
254355,32.0
254377,50.0
254405,33.0
254417,36.0
254465,22.0
254467,29.0
254481,25.0
254502,41.0
254539,26.0
254543,57.0
254690,33.0
254751,52.0
254754,28.0
254863,39.0
254899,54.0
254971,53.0
254995,39.0
255078,49.0
255218,46.0
255275,58.0
255493,20.0
255546,42.0
255618,30.0
255648,44.0
255661,34.0
255719,30.0
255786,36.0
255814,29.0
255846,21.0
255979,30.0
256133,52.0
256167,14.0
256247,35.0
256264,33.0
256402,34.0
256407,58.0
256507,26.0
256603,25.0
256843,40.0
256844,36.0
256874,45.0
257024,38.0
257028,31.0
257145,45.0
257161,37.0
257204,32.0
257262,27.0
257327,39.0
257493,25.0
257495,23.0
257625,22.0
257699,35.0
257700,22.0
257804,26.0
257809,51.0
257820,10.0
258011,29.0
258084,47.0
258109,37.0
258152,29.0
258160,23.0
258185,37.0
258240,41.0
258329,26.0
258520,36.0
258534,32.0
258550,38.0
258673,38.0
258938,27.0
259004,28.0
259006,28.0
259035,38.0
259057,15.0
259064,32.0
259078,49.0
259114,55.0
259118,34.0
259155,25.0
259259,30.0
259260,56.0
259264,45.0
259320,41.0
259378,46.0
259430,24.0
259626,2.0
259629,51.0
259660,21.0
259734,29.0
259764,28.0
259829,44.0
259930,25.0
260067,32.0
260183,25.0
260388,23.0
260419,32.0
260447,46.0
260655,23.0
260678,39.0
260699,42.0
260771,63.0
260897,25.0
260959,24.0
261015,42.0
261105,50.0
261120,70.0
261327,24.0
261603,27.0
261685,43.0
261768,12.0
261780,52.0
261829,32.0
261862,35.0
261998,28.0
262040,41.0
262070,28.0
262118,25.0
